id,first_name,last_name,email,gender,ip_address
78,Aland,Ferrarotti,aferrarotti25@illinois.edu,Male,0.16.0.144
536,Paulie,Wiltsher,pwiltsherev@stumbleupon.com,Female,0.175.213.6
944,Charita,Belderson,cbeldersonq7@ehow.com,Female,0.28.215.209
649,Freedman,Darwin,fdarwini0@altervista.org,Male,1.121.161.51
228,Catherin,Aaronson,caaronson6b@sbwire.com,Female,1.131.30.184
398,Darci,Cartman,dcartmanb1@a8.net,Female,1.161.230.170
155,Lydie,Sweetnam,lsweetnam4a@ucsd.edu,Female,1.240.130.67
26,Sasha,Little,slittlep@tumblr.com,Male,10.133.208.105
282,Josh,Aizik,jaizik7t@posterous.com,Male,10.167.10.206
378,Ilise,Walak,iwalakah@yelp.com,Female,10.17.233.230
593,Alaric,Furber,afurbergg@netvibes.com,Male,10.18.29.114
789,Krishnah,Maloney,kmaloneylw@cdbaby.com,Male,10.196.175.251
804,Trudie,Whitters,twhittersmb@youku.com,Female,10.207.169.45
821,Arnaldo,Verecker,avereckerms@statcounter.com,Male,10.218.248.204
855,Carmel,Dufer,cdufernq@devhub.com,Female,10.219.91.209
997,Louie,Band,lbandro@google.ca,Male,100.227.239.64
293,Berkly,Perigoe,bperigoe84@tinyurl.com,Male,100.54.219.191
714,Myrilla,Everson,meversonjt@dailymail.co.uk,Female,100.81.44.13
770,Kristos,Shillitto,kshillittold@google.com.br,Male,101.20.92.78
806,Armin,Deeming,adeemingmd@nyu.edu,Male,101.253.56.15
380,Lyndsie,Creyke,lcreykeaj@diigo.com,Female,102.211.226.50
154,Dario,Levecque,dlevecque49@ft.com,Male,102.236.79.187
279,Morse,Corps,mcorps7q@usgs.gov,Male,102.61.27.215
887,Amby,MacDearmid,amacdearmidom@wikispaces.com,Male,102.69.223.73
951,Ruddy,Scutts,rscuttsqe@imageshack.us,Male,102.95.27.217
880,Ermengarde,Amies,eamiesof@squarespace.com,Female,103.40.221.142
529,Billy,Vanyukhin,bvanyukhineo@cafepress.com,Male,103.41.26.104
798,Gene,Edgley,gedgleym5@europa.eu,Male,103.8.44.136
844,Valery,Ruggier,vruggiernf@nydailynews.com,Female,104.11.159.231
564,Fidelia,Hughill,fhughillfn@patch.com,Female,104.111.81.176
436,Perl,Matushenko,pmatushenkoc3@artisteer.com,Female,104.206.4.249
435,Sig,Sproule,ssproulec2@foxnews.com,Male,105.83.20.227
405,Irv,Vidgeon,ividgeonb8@arstechnica.com,Male,106.112.46.130
753,Arabella,Kirkbride,akirkbridekw@hhs.gov,Female,106.126.76.113
558,Dag,Witcherley,dwitcherleyfh@symantec.com,Male,106.16.57.193
695,Robb,Hinchon,rhinchonja@jiathis.com,Male,106.239.78.191
802,Merwyn,Pettus,mpettusm9@spiegel.de,Male,106.246.76.69
74,Wilmar,Breadon,wbreadon21@utexas.edu,Male,106.76.207.224
357,Nestor,Rackam,nrackam9w@google.it,Male,107.126.184.247
341,Merry,Mcettrick,mmcettrick9g@github.com,Male,107.222.233.59
196,Vannie,Peddel,vpeddel5f@shareasale.com,Female,107.74.177.12
659,Tammara,Russi,trussiia@usnews.com,Female,108.161.248.233
379,Robenia,Scrivin,rscrivinai@nasa.gov,Female,108.174.39.243
585,Evaleen,Franses,efransesg8@angelfire.com,Female,108.214.11.193
295,Maia,Vardey,mvardey86@paginegialle.it,Female,108.48.160.27
715,Nicky,Skeene,nskeeneju@g.co,Female,108.63.4.191
100,Melita,Shapero,mshapero2r@usa.gov,Female,108.79.210.249
402,Theresina,Pellman,tpellmanb5@phpbb.com,Female,109.141.14.234
186,Marnia,Coslett,mcoslett55@unicef.org,Female,109.181.194.36
886,Chris,Hewertson,chewertsonol@slate.com,Male,109.229.64.19
486,Georges,Duro,gdurodh@tumblr.com,Male,109.3.130.23
775,Daile,Boullin,dboullinli@unicef.org,Female,109.38.65.149
911,Lorene,Silwood,lsilwoodpa@buzzfeed.com,Female,109.62.93.42
733,Alasdair,Dericut,adericutkc@google.es,Male,11.114.128.111
731,Crissy,Barfford,cbarffordka@yelp.com,Female,11.196.134.164
660,Trixi,Libri,tlibriib@flickr.com,Female,11.82.44.70
71,Dur,Stockport,dstockport1y@etsy.com,Male,11.89.230.33
34,Court,Malinson,cmalinsonx@istockphoto.com,Male,110.0.139.131
716,Lucie,Bleasby,lbleasbyjv@vinaora.com,Female,110.134.148.52
335,Moll,MacMeekan,mmacmeekan9a@netscape.com,Female,110.153.144.5
863,Hayden,Bakes,hbakesny@salon.com,Male,110.221.72.56
758,Adair,Josupeit,ajosupeitl1@washingtonpost.com,Male,110.236.228.56
953,Reine,Ayton,raytonqg@networkadvertising.org,Female,110.83.70.190
840,Matthieu,Tenaunt,mtenauntnb@eventbrite.com,Male,111.143.197.226
711,Ignaz,Slad,isladjq@google.co.jp,Male,111.178.126.112
332,Adina,Simpkins,asimpkins97@ow.ly,Female,111.43.38.33
406,Ephrem,Mallinson,emallinsonb9@uol.com.br,Male,112.123.203.218
934,Cristabel,Detheridge,cdetheridgepx@ustream.tv,Female,112.151.137.25
958,Jemmie,Van Der Hoog,jvanderhoogql@baidu.com,Female,112.236.26.29
476,Aeriell,Grigorey,agrigoreyd7@guardian.co.uk,Female,112.8.234.46
203,Giovanni,Stillman,gstillman5m@jimdo.com,Male,113.156.69.138
433,Madge,Verne,mvernec0@reference.com,Female,113.157.0.80
181,Milka,Merwe,mmerwe50@columbia.edu,Female,113.189.190.191
669,Ashlen,Mitford,amitfordik@uiuc.edu,Female,113.199.120.43
976,Sidnee,Debold,sdeboldr3@newsvine.com,Male,113.3.77.121
20,Joela,Walentynowicz,jwalentynowiczj@home.pl,Female,113.63.53.203
40,Westbrooke,Rawlyns,wrawlyns13@studiopress.com,Male,114.160.140.23
471,Ki,Trimby,ktrimbyd2@furl.net,Female,114.174.135.47
305,Rowen,Blandford,rblandford8g@smh.com.au,Male,114.177.205.3
328,Flss,Bedborough,fbedborough93@mediafire.com,Female,114.204.139.1
635,Glenden,Anstee,gansteehm@oakley.com,Male,114.252.60.234
784,Catha,Samter,csamterlr@xinhuanet.com,Female,114.43.183.249
999,Enrico,Askam,easkamrq@symantec.com,Male,115.172.250.157
82,Gordy,Crockley,gcrockley29@statcounter.com,Male,115.20.106.16
650,Jordain,Possel,jposseli1@loc.gov,Female,115.225.17.145
990,Jessie,Ropkins,jropkinsrh@about.com,Female,115.34.34.110
474,Gloriane,Bardill,gbardilld5@usda.gov,Female,116.176.102.220
914,Gregorius,Bagniuk,gbagniukpd@privacy.gov.au,Male,116.236.201.42
560,Douglas,Berthomieu,dberthomieufj@fema.gov,Male,117.115.93.49
791,Eduard,Rivers,eriversly@boston.com,Male,117.129.8.130
217,Eleen,Hegg,ehegg60@wsj.com,Female,117.51.28.114
697,Alley,Reims,areimsjc@freewebs.com,Male,117.89.104.185
994,Nanny,Humpage,nhumpagerl@princeton.edu,Female,118.28.168.7
6,Zebulen,Hourihane,zhourihane5@cdbaby.com,Male,118.63.249.6
740,Nappy,Drache,ndrachekj@blinklist.com,Male,118.71.4.201
170,Brandtr,Treven,btreven4p@wp.com,Male,118.80.183.155
785,Paige,Cork,pcorkls@privacy.gov.au,Male,12.10.121.81
212,Katti,Humber,khumber5v@parallels.com,Female,12.229.93.145
735,Kirbee,Spaduzza,kspaduzzake@slashdot.org,Female,12.232.245.192
636,Ula,Gandrich,ugandrichhn@list-manage.com,Female,12.248.129.4
683,Madeleine,Domerq,mdomerqiy@csmonitor.com,Female,12.248.189.41
191,Laurianne,Cordoba,lcordoba5a@is.gd,Female,12.41.3.35
401,Augustine,Heinzler,aheinzlerb4@paypal.com,Male,12.45.169.212
651,Clive,Yewdale,cyewdalei2@xinhuanet.com,Male,120.131.130.240
373,Nichole,Jaggi,njaggiac@so-net.ne.jp,Male,120.177.211.158
679,Ruddy,Campes,rcampesiu@goodreads.com,Male,120.21.3.221
867,Chet,Croose,ccrooseo2@dion.ne.jp,Male,120.217.7.199
160,Emelda,Smallshaw,esmallshaw4f@yelp.com,Female,121.186.25.55
912,Vitoria,Jansie,vjansiepb@berkeley.edu,Female,121.196.89.174
183,Lonnie,Stanger,lstanger52@un.org,Female,121.229.131.17
14,Alisa,Fox,afoxd@freewebs.com,Female,121.252.35.237
749,Cristiano,Brunroth,cbrunrothks@yahoo.com,Male,122.206.28.30
384,Lebbie,Bunston,lbunstonan@taobao.com,Female,122.228.26.95
423,Kaspar,Clilverd,kclilverdbq@ox.ac.uk,Male,123.209.0.172
952,Bartel,Cheese,bcheeseqf@sohu.com,Male,123.228.107.46
842,Betsy,Tatlow,btatlownd@huffingtonpost.com,Female,123.255.53.32
233,Boote,Ranahan,branahan6g@mediafire.com,Male,123.29.1.37
329,Rafaelia,Cranfield,rcranfield94@npr.org,Female,123.42.181.239
707,Cirillo,Snoad,csnoadjm@dailymotion.com,Male,124.118.217.171
29,Hubie,Pancoust,hpancousts@miibeian.gov.cn,Male,124.133.166.129
549,Garnet,Trayes,gtrayesf8@etsy.com,Female,124.145.242.146
543,Lazarus,Pollington,lpollingtonf2@timesonline.co.uk,Male,124.165.195.207
205,Haslett,Challicombe,hchallicombe5o@earthlink.net,Male,124.174.20.253
544,Maggi,Sproule,msproulef3@devhub.com,Female,124.193.121.3
675,Ansley,Ellingsworth,aellingsworthiq@latimes.com,Female,124.199.27.143
877,Hubey,Walles,hwallesoc@marketwatch.com,Male,124.244.192.33
795,Dorthy,Borit,dboritm2@fda.gov,Female,124.29.194.136
780,Kendra,Proffer,kprofferln@weather.com,Female,124.31.101.209
56,Glynis,Conachie,gconachie1j@nydailynews.com,Female,124.58.155.92
980,Ron,Stollenbecker,rstollenbeckerr7@mlb.com,Male,125.126.19.135
573,Brander,Kleiner,bkleinerfw@bing.com,Male,125.155.63.7
620,Case,Smissen,csmissenh7@ow.ly,Male,125.174.25.189
202,Mendie,McNeill,mmcneill5l@tmall.com,Male,125.205.183.144
728,Hortense,Bedberry,hbedberryk7@cornell.edu,Female,126.125.104.141
479,Gasper,Wortt,gworttda@php.net,Male,126.158.76.102
281,Leicester,De Pero,ldepero7s@linkedin.com,Male,126.29.106.79
366,Thibaut,Cleever,tcleevera5@nature.com,Male,126.43.153.106
928,Emmit,Crellin,ecrellinpr@123-reg.co.uk,Male,126.50.37.118
149,Juanita,Cleal,jcleal44@tamu.edu,Female,126.99.186.247
88,Gusty,Saby,gsaby2f@tripod.com,Female,127.118.90.126
84,Loleta,Bransdon,lbransdon2b@fastcompany.com,Female,127.202.112.192
126,Berta,Levens,blevens3h@yahoo.co.jp,Female,127.37.27.201
723,Benton,Aloshikin,baloshikink2@businessweek.com,Male,127.4.38.42
638,Carina,Byres,cbyreshp@redcross.org,Female,127.76.144.236
808,Brady,Nise,bnisemf@fda.gov,Male,128.127.29.56
303,Dania,McNerlin,dmcnerlin8e@state.gov,Female,128.31.89.4
412,Malina,Edgett,medgettbf@theatlantic.com,Female,128.95.233.143
923,Clerissa,Goracci,cgoraccipm@smugmug.com,Female,129.101.88.98
494,Martino,Elphinston,melphinstondp@phoca.cz,Male,129.135.132.179
79,Monika,Iglesia,miglesia26@dedecms.com,Female,129.2.143.184
260,Norma,Mighele,nmighele77@prnewswire.com,Female,129.219.181.145
747,Ker,Fortman,kfortmankq@cafepress.com,Male,13.221.4.89
449,Mellicent,Doveston,mdovestoncg@tuttocitta.it,Female,13.44.236.231
557,Franklyn,Bodega,fbodegafg@sitemeter.com,Male,13.64.55.6
968,Amble,Belfield,abelfieldqv@mapquest.com,Male,130.103.217.178
460,Chryste,Bateup,cbateupcr@ezinearticles.com,Female,130.129.240.15
608,Jonathan,Bothams,jbothamsgv@sbwire.com,Male,131.129.108.102
906,Dynah,Heaps,dheapsp5@globo.com,Female,131.167.61.84
280,Conrade,Sandwith,csandwith7r@blogs.com,Male,131.205.96.133
468,Maegan,Van den Dael,mvandendaelcz@mayoclinic.com,Female,131.39.201.79
394,Leesa,Boays,lboaysax@meetup.com,Female,131.68.152.162
847,Loren,Padillo,lpadilloni@bigcartel.com,Male,131.93.79.128
355,Nestor,Eich,neich9u@unblog.fr,Male,132.105.67.63
277,Giraud,Caurah,gcaurah7o@unicef.org,Male,132.121.214.162
349,Neala,Giacoppo,ngiacoppo9o@tinypic.com,Female,132.181.37.234
429,Nari,Dmtrovic,ndmtrovicbw@patch.com,Female,132.229.216.145
46,Dori,Herkess,dherkess19@cnn.com,Female,132.230.240.94
594,Quincey,Remmer,qremmergh@soundcloud.com,Male,132.48.42.88
240,Dominique,Keer,dkeer6n@github.io,Female,133.100.220.177
459,Bette-ann,Woolcocks,bwoolcockscq@jimdo.com,Female,133.128.158.183
187,Krystle,Goulder,kgoulder56@barnesandnoble.com,Female,133.154.231.104
961,Alfie,Kedge,akedgeqo@scribd.com,Male,133.157.12.65
539,Anton,Tenpenny,atenpennyey@cmu.edu,Male,133.72.146.228
810,Drew,Kendred,dkendredmh@sciencedirect.com,Male,134.178.208.187
331,Berget,Midden,bmidden96@oaic.gov.au,Female,134.246.173.246
342,Cole,Ackwood,cackwood9h@sohu.com,Male,134.54.94.92
165,Ware,Hevey,whevey4k@ow.ly,Male,135.187.106.46
548,Graehme,Priestnall,gpriestnallf7@meetup.com,Male,135.237.99.211
725,Corri,Feighry,cfeighryk4@bluehost.com,Female,135.239.33.102
621,Igor,Frankes,ifrankesh8@comcast.net,Male,135.251.198.103
498,Arluene,Ropcke,aropckedt@slate.com,Female,135.87.42.191
601,Ced,Lydden,clyddengo@yale.edu,Male,136.132.2.218
415,Zach,Sheldrake,zsheldrakebi@yellowbook.com,Male,136.150.30.81
41,Raleigh,McMeekin,rmcmeekin14@unc.edu,Male,136.170.191.212
472,Dulci,Cowp,dcowpd3@admin.ch,Female,136.247.143.49
975,Wanids,Bannard,wbannardr2@webmd.com,Female,137.162.233.59
125,Sawyer,Pattesall,spattesall3g@scientificamerican.com,Male,137.220.174.146
719,Shalne,Fladgate,sfladgatejy@jiathis.com,Female,137.78.115.151
58,Cacilie,Paradin,cparadin1l@mozilla.com,Female,137.88.34.232
313,Lowrance,Hammerman,lhammerman8o@homestead.com,Male,138.127.179.114
371,Egan,Ashbey,eashbeyaa@opensource.org,Male,138.50.233.124
8,Cristobal,Caldera,ccaldera7@wisc.edu,Male,138.89.236.94
948,Aldric,Viegas,aviegasqb@ask.com,Male,138.92.113.183
759,Gabbie,Faich,gfaichl2@soundcloud.com,Male,139.188.34.31
522,Lucretia,Gulston,lgulstoneh@aol.com,Female,139.205.135.122
189,Hailey,Theuss,htheuss58@chronoengine.com,Male,139.88.199.246
453,Godart,Keeling,gkeelingck@rediff.com,Male,14.138.207.26
16,Corrina,Bussetti,cbussettif@unblog.fr,Female,14.146.155.170
131,Silvan,Goulston,sgoulston3m@noaa.gov,Male,14.147.203.238
113,Augustin,Hall,ahall34@soup.io,Male,14.164.19.14
595,Blakelee,Thirkettle,bthirkettlegi@paginegialle.it,Female,14.33.68.7
345,Rudd,Eayrs,reayrs9k@angelfire.com,Male,140.1.96.16
407,Kaycee,Artrick,kartrickba@homestead.com,Female,140.185.79.109
312,Veronika,Nisot,vnisot8n@gov.uk,Female,140.92.56.105
399,Danny,Corkel,dcorkelb2@ucsd.edu,Female,141.106.198.67
926,Robinetta,Beatey,rbeateypp@linkedin.com,Female,141.138.51.250
483,Myrah,Burgyn,mburgynde@ebay.co.uk,Female,141.176.224.237
829,Rosie,Petchell,rpetchelln0@topsy.com,Female,141.35.117.211
455,Reider,Jess,rjesscm@multiply.com,Male,141.68.202.76
523,Kareem,Reddan,kreddanei@accuweather.com,Male,142.11.106.209
535,Domenic,Derill,dderilleu@earthlink.net,Male,142.136.104.233
311,Marius,Aikenhead,maikenhead8m@jalbum.net,Male,142.64.188.143
264,Nettie,Lavers,nlavers7b@mapquest.com,Female,143.133.78.238
745,Godfry,Waine,gwaineko@istockphoto.com,Male,143.255.124.192
820,Reginald,Beernt,rbeerntmr@bravesites.com,Male,144.123.178.92
588,Blaire,Hannen,bhannengb@parallels.com,Female,144.161.51.116
326,Davin,Tice,dtice91@deviantart.com,Male,144.166.46.255
440,Claiborne,Haythorn,chaythornc7@digg.com,Male,144.59.144.45
996,Isahella,Safell,isafellrn@abc.net.au,Female,144.67.79.217
348,Gearard,Sollett,gsollett9n@google.com.hk,Male,144.97.36.218
192,Abbie,Grigolon,agrigolon5b@liveinternet.ru,Female,145.196.102.41
546,Collin,Mounfield,cmounfieldf5@ustream.tv,Male,145.197.204.194
300,Ignatius,Daintith,idaintith8b@blogs.com,Male,145.214.149.92
957,Evie,Gonzalez,egonzalezqk@cornell.edu,Female,145.252.247.101
98,Raynell,Sherland,rsherland2p@uol.com.br,Female,145.37.128.87
283,Gratia,Bonsul,gbonsul7u@zdnet.com,Female,145.42.154.166
340,Wildon,Sparsholt,wsparsholt9f@latimes.com,Male,145.7.84.165
376,Corbie,Halwill,chalwillaf@gravatar.com,Male,146.152.231.81
372,Archibold,Docwra,adocwraab@weibo.com,Male,146.58.187.104
76,Kearney,Porker,kporker23@ocn.ne.jp,Male,147.24.126.204
166,Thorny,Spensley,tspensley4l@yahoo.com,Male,147.58.123.245
939,Fernande,Oloshkin,foloshkinq2@xing.com,Female,148.164.41.58
993,Trent,Chese,tcheserk@cam.ac.uk,Male,148.220.76.155
477,Bart,Rowat,browatd8@webmd.com,Male,148.232.94.167
700,Pris,McNab,pmcnabjf@ovh.net,Female,148.235.151.225
133,Tommie,Humberstone,thumberstone3o@slideshare.net,Female,149.111.53.232
214,Rhona,Di Domenico,rdidomenico5x@rediff.com,Female,149.219.54.130
884,Andras,Burhill,aburhilloj@elpais.com,Male,149.37.169.240
337,Zsazsa,Perrott,zperrott9c@ehow.com,Female,15.128.48.7
254,Alysia,Sadat,asadat71@cnbc.com,Female,15.252.132.49
691,Noam,Scouler,nscoulerj6@samsung.com,Male,15.35.16.156
875,Catharine,Gummer,cgummeroa@ameblo.jp,Female,15.49.187.54
903,Fernanda,McGirr,fmcgirrp2@hexun.com,Female,15.58.157.174
38,Elena,Skip,eskip11@phoca.cz,Female,15.84.113.192
662,Abby,Gentry,agentryid@latimes.com,Male,150.17.127.255
353,Valencia,Pittway,vpittway9s@imageshack.us,Female,150.226.9.96
19,Hercule,Gurney,hgurneyi@sina.com.cn,Male,150.35.12.140
304,Rivkah,Brezlaw,rbrezlaw8f@theguardian.com,Female,150.84.48.139
223,Jake,Salle,jsalle66@lycos.com,Male,151.153.110.35
463,Che,Lindsley,clindsleycu@mozilla.org,Male,151.65.178.230
470,Irving,Davidsohn,idavidsohnd1@ihg.com,Male,151.67.222.0
308,Guido,Cheltnam,gcheltnam8j@elpais.com,Male,152.136.69.37
732,Darin,Spore,dsporekb@51.la,Male,152.65.28.123
979,Jennilee,Scones,jsconesr6@mediafire.com,Female,153.177.143.49
182,Goldy,Bricknall,gbricknall51@so-net.ne.jp,Female,153.22.20.115
916,Gris,Withringten,gwithringtenpf@berkeley.edu,Male,153.251.24.215
674,Valery,O'Gleasane,vogleasaneip@biblegateway.com,Female,154.146.116.132
519,Pansie,Crame,pcrameee@cdc.gov,Female,154.80.82.72
708,Ulrike,Drinkhall,udrinkhalljn@cyberchimps.com,Female,155.100.42.212
870,Nickolai,O'Crowley,nocrowleyo5@xinhuanet.com,Male,155.85.83.1
10,Woodrow,World,wworld9@ucoz.com,Male,156.146.132.253
244,Marcella,Strelitzer,mstrelitzer6r@adobe.com,Female,156.163.131.86
156,Norton,Childe,nchilde4b@acquirethisname.com,Male,156.216.38.75
744,Carmelia,Jarnell,cjarnellkn@1und1.de,Female,156.89.154.242
315,Elana,Brigman,ebrigman8q@thetimes.co.uk,Female,157.128.211.20
942,Nert,Colnet,ncolnetq5@forbes.com,Female,157.211.231.87
62,Felicdad,Kellen,fkellen1p@unicef.org,Female,158.199.5.211
200,Mikkel,Shallcross,mshallcross5j@scribd.com,Male,158.225.19.188
950,Regine,Solomonides,rsolomonidesqd@php.net,Female,158.226.166.46
140,Betsy,Yurikov,byurikov3v@sfgate.com,Female,16.138.102.87
764,Veronika,Szymoni,vszymonil7@imageshack.us,Female,16.172.205.49
142,Elle,Flaxman,eflaxman3x@amazon.co.jp,Female,16.190.95.151
422,Finlay,Masi,fmasibp@tripod.com,Male,16.201.129.82
106,Isabeau,Horry,ihorry2x@wordpress.org,Female,16.247.44.169
489,Bern,Davidavidovics,bdavidavidovicsdk@toplist.cz,Male,16.254.237.241
314,Bunny,Gurwood,bgurwood8p@hugedomains.com,Female,160.42.144.172
421,Briano,Keeney,bkeeneybo@tmall.com,Male,161.154.144.98
830,Tonnie,Nassi,tnassin1@cisco.com,Male,161.43.105.218
973,Jakie,Di Bartolomeo,jdibartolomeor0@cocolog-nifty.com,Male,161.84.229.97
730,Marvin,Treffry,mtreffryk9@instagram.com,Male,162.136.24.186
443,Sheffield,Buncher,sbuncherca@columbia.edu,Male,162.145.176.65
294,Patrice,Yurenin,pyurenin85@spiegel.de,Male,162.159.160.91
581,Shea,Keune,skeuneg4@shutterfly.com,Male,164.189.60.66
520,Sianna,Bavin,sbavinef@hatena.ne.jp,Female,164.78.149.66
794,Dominick,Roll,drollm1@msn.com,Male,164.79.131.44
262,Barbette,McKevin,bmckevin79@deliciousdays.com,Female,165.160.25.132
738,Archibaldo,Simmonite,asimmonitekh@imageshack.us,Male,165.184.192.223
385,Ailyn,Vane,avaneao@europa.eu,Female,165.23.100.251
482,Osborne,Barr,obarrdd@hud.gov,Male,165.48.184.37
128,Natassia,Pakeman,npakeman3j@homestead.com,Female,165.84.182.67
596,Kalil,Traut,ktrautgj@linkedin.com,Male,166.130.55.222
324,Shaughn,Crummie,scrummie8z@chronoengine.com,Male,166.239.53.123
246,Marrissa,Genty,mgenty6t@artisteer.com,Female,167.109.233.198
23,Candra,Jiggen,cjiggenm@globo.com,Female,167.121.133.155
368,Edik,Vicary,evicarya7@jalbum.net,Male,167.188.110.217
692,Ruthie,Filippozzi,rfilippozzij7@utexas.edu,Female,167.243.48.21
909,Renata,Pilsworth,rpilsworthp8@diigo.com,Female,167.62.109.60
555,Bing,Papaminas,bpapaminasfe@yolasite.com,Male,167.78.64.157
141,Gilles,Perfitt,gperfitt3w@wp.com,Male,168.156.65.46
261,Giffard,Gaveltone,ggaveltone78@hud.gov,Male,168.241.74.186
222,Rebeca,Escolme,rescolme65@ca.gov,Female,168.99.100.77
13,Georgette,Frigot,gfrigotc@woothemes.com,Female,169.105.142.162
895,Janean,Guye,jguyeou@google.pl,Female,169.173.54.47
882,Kimberlyn,Eisak,keisakoh@msu.edu,Female,17.153.177.3
623,Mackenzie,Klulik,mklulikha@mac.com,Male,17.172.194.84
478,Briny,Lanmeid,blanmeidd9@si.edu,Female,17.192.33.7
678,Giuseppe,Berfoot,gberfootit@tinypic.com,Male,170.19.206.212
316,Deanne,Sturdgess,dsturdgess8r@ft.com,Female,170.216.65.147
698,Win,Daintith,wdaintithjd@techcrunch.com,Male,170.29.191.241
268,Clarey,Probbings,cprobbings7f@myspace.com,Female,170.93.150.234
444,Abey,Eccleshare,aecclesharecb@state.tx.us,Male,171.113.214.213
630,Dagny,Padell,dpadellhh@purevolume.com,Male,171.38.134.223
872,Sabina,Capron,scaprono7@istockphoto.com,Female,172.223.230.17
637,Adolph,Sacaze,asacazeho@wiley.com,Male,172.40.168.229
358,Pauline,Bownes,pbownes9x@columbia.edu,Female,172.46.220.42
603,Guilbert,Pearmain,gpearmaingq@ibm.com,Male,172.86.229.161
503,Wayne,Heatly,wheatlydy@furl.net,Male,172.89.159.230
169,Arlen,Hollows,ahollows4o@cafepress.com,Female,173.118.65.106
180,Leanna,Quinby,lquinby4z@adobe.com,Female,173.16.46.21
458,Katie,Cuseck,kcuseckcp@ustream.tv,Female,173.200.242.124
717,Mildrid,Entreis,mentreisjw@disqus.com,Female,173.25.36.174
633,Ferdinande,Toal,ftoalhk@walmart.com,Female,174.64.143.110
396,Colby,Matteini,cmatteiniaz@patch.com,Male,174.72.172.67
392,Myrtice,Nutty,mnuttyav@sohu.com,Female,174.98.113.54
947,Alia,Lemmers,alemmersqa@ox.ac.uk,Female,175.117.221.230
571,Shelia,Delacroix,sdelacroixfu@amazon.co.jp,Female,175.41.109.243
800,Vidovic,Humby,vhumbym7@meetup.com,Male,176.13.188.10
755,Rachael,Ramsier,rramsierky@wsj.com,Female,176.221.79.137
622,Winnie,Giorgione,wgiorgioneh9@cnbc.com,Male,176.33.151.207
325,Kean,Folca,kfolca90@admin.ch,Male,176.63.49.107
67,Ruby,Howick,rhowick1u@auda.org.au,Female,177.198.248.233
748,Rowen,Leadley,rleadleykr@amazon.co.jp,Male,177.217.28.239
574,Conrado,Wybrow,cwybrowfx@bloglines.com,Male,177.222.21.234
87,Ashla,Coupar,acoupar2e@prweb.com,Female,177.226.245.18
321,Sibylle,Mayhead,smayhead8w@cisco.com,Female,177.249.28.6
843,Saw,Kinavan,skinavanne@flavors.me,Male,177.28.195.109
563,Bart,Hurle,bhurlefm@cbc.ca,Male,177.45.176.215
7,Tresa,Guarin,tguarin6@unicef.org,Female,177.5.39.11
267,Blaire,Girdwood,bgirdwood7e@nih.gov,Female,177.69.127.18
221,Ulrick,Hoofe,uhoofe64@networksolutions.com,Male,178.210.253.223
343,Stevana,Clute,sclute9i@baidu.com,Female,178.232.251.255
129,Lek,Mummery,lmummery3k@alibaba.com,Male,178.60.234.130
481,Fredericka,Kennaway,fkennawaydc@toplist.cz,Female,178.63.70.180
298,Jeffie,O'Carmody,jocarmody89@mac.com,Male,178.91.47.46
703,Jae,Abeles,jabelesji@indiatimes.com,Male,179.10.2.109
152,Harli,Smalles,hsmalles47@indiegogo.com,Female,179.146.80.123
860,Meggie,Rate,mratenv@t-online.de,Female,179.197.242.168
424,Letty,Spollen,lspollenbr@diigo.com,Female,179.209.116.223
255,Danit,Gerrens,dgerrens72@etsy.com,Female,180.144.27.12
777,Jeremy,Cellier,jcellierlk@typepad.com,Male,180.175.157.246
989,Bill,Winslet,bwinsletrg@guardian.co.uk,Male,180.228.1.194
132,Hewett,Kerin,hkerin3n@thetimes.co.uk,Male,180.237.47.232
153,Phillip,Golightly,pgolightly48@list-manage.com,Male,180.45.127.238
963,Eveline,Cousens,ecousensqq@dedecms.com,Female,180.70.171.6
672,Hammad,Bricksey,hbrickseyin@amazon.com,Male,180.73.171.50
99,Grata,Morrowe,gmorrowe2q@amazon.co.uk,Female,180.85.38.16
874,Bard,Sendall,bsendallo9@hexun.com,Male,180.88.41.130
746,Sid,Mc Grath,smcgrathkp@wikimedia.org,Male,180.96.39.51
721,Thaddeus,Coaten,tcoatenk0@ucoz.ru,Male,180.97.99.69
480,Donielle,Darell,ddarelldb@timesonline.co.uk,Female,181.133.250.175
589,Siffre,Cockshott,scockshottgc@timesonline.co.uk,Male,181.44.39.67
818,Aloysia,Wonter,awontermp@disqus.com,Female,181.75.200.224
850,Lorine,Scrooby,lscroobynl@trellian.com,Female,181.76.85.66
110,Godard,Gall,ggall31@dell.com,Male,182.145.114.134
908,Jenny,Guise,jguisep7@twitpic.com,Female,182.206.37.174
350,Essie,Ragsdall,eragsdall9p@go.com,Female,182.210.80.122
496,Symon,Seckington,sseckingtondr@4shared.com,Male,182.222.68.196
511,Carlo,Woodhouse,cwoodhousee6@cnn.com,Male,182.93.33.61
724,Remy,Tearle,rtearlek3@deliciousdays.com,Female,183.43.202.241
185,Cherey,Sapey,csapey54@google.com,Female,183.91.240.110
807,Damian,MacKellar,dmackellarme@nytimes.com,Male,183.96.31.16
111,Rosmunda,Traise,rtraise32@unc.edu,Female,183.98.15.214
705,Ursola,Lithcow,ulithcowjk@sciencedaily.com,Female,184.109.185.21
768,Stanislaw,Briatt,sbriattlb@creativecommons.org,Male,184.140.78.33
812,Nicki,Girardoni,ngirardonimj@ebay.co.uk,Female,184.28.39.125
287,Pansie,Tutsell,ptutsell7y@sourceforge.net,Female,185.127.181.103
427,Farrell,Edinboro,fedinborobu@oracle.com,Male,185.226.4.252
512,Rubetta,Brunn,rbrunne7@delicious.com,Female,185.234.113.50
634,Ambrose,Godsafe,agodsafehl@sina.com.cn,Male,185.7.169.65
334,Madge,Manton,mmanton99@marketwatch.com,Female,186.116.3.10
920,Danyelle,Keyme,dkeymepj@earthlink.net,Female,186.121.67.132
310,Belvia,Tanner,btanner8l@npr.org,Female,186.125.152.80
216,Janela,Tubritt,jtubritt5z@scribd.com,Female,186.28.47.221
739,Andy,Waghorn,awaghornki@pagesperso-orange.fr,Female,187.104.51.92
251,Florie,Coveny,fcoveny6y@github.io,Female,188.157.244.166
689,Grantham,Emblow,gemblowj4@home.pl,Male,188.241.246.83
586,Luigi,Bortolutti,lbortoluttig9@free.fr,Male,188.38.169.1
365,Udall,Douty,udoutya4@pagesperso-orange.fr,Male,188.86.140.197
653,Harriott,Stickler,hstickleri4@indiegogo.com,Female,189.144.180.96
21,Stanfield,Kleinlerer,skleinlererk@skyrock.com,Male,189.212.231.145
105,Hanson,Dobrowolny,hdobrowolny2w@indiegogo.com,Male,19.100.38.41
319,Fremont,Wiles,fwiles8u@diigo.com,Male,19.117.220.49
737,Dyane,Learmount,dlearmountkg@google.com,Female,19.202.189.179
225,Sarene,Chazier,schazier68@blogtalkradio.com,Female,19.41.37.92
741,Desdemona,Veljes,dveljeskk@phpbb.com,Female,19.60.151.66
127,Dave,Cordeiro,dcordeiro3i@deviantart.com,Male,19.92.12.233
518,Brigham,Clemendet,bclemendeted@woothemes.com,Male,190.85.108.117
530,Benny,Enevold,benevoldep@ucla.edu,Female,191.121.4.22
754,Asher,Ryton,arytonkx@merriam-webster.com,Male,191.163.225.148
572,Conrad,Christaeas,cchristaeasfv@hud.gov,Male,191.167.2.167
61,Nessi,Pedican,npedican1o@nps.gov,Female,191.44.87.126
894,Lorenza,O'Heyne,loheyneot@blogspot.com,Female,191.91.91.38
981,Lane,Fellgate,lfellgater8@free.fr,Female,192.107.10.6
600,Jaimie,Karolovsky,jkarolovskygn@merriam-webster.com,Female,192.202.207.39
57,Tessi,Swansbury,tswansbury1k@tripadvisor.com,Female,192.28.67.130
965,Chiarra,Dobrowolny,cdobrowolnyqs@ow.ly,Female,193.129.156.39
143,Nariko,Sidey,nsidey3y@yelp.com,Female,193.135.123.192
290,Tim,Scoon,tscoon81@cyberchimps.com,Male,193.168.223.26
473,Augustine,Westoll,awestolld4@jugem.jp,Male,193.170.56.255
787,Rhona,Battison,rbattisonlu@yandex.ru,Female,193.227.178.228
104,Tristam,Brigham,tbrigham2v@lycos.com,Male,193.45.234.129
607,Keefe,Reisenstein,kreisensteingu@china.com.cn,Male,194.159.243.48
757,Doralin,Sidlow,dsidlowl0@geocities.jp,Female,194.167.53.5
892,Cleon,Kulvear,ckulvearor@google.com.au,Male,194.65.211.65
164,Elysee,Stritton,estritton4j@redcross.org,Female,195.143.221.199
602,Allayne,Jane,ajanegp@mediafire.com,Male,195.239.172.25
551,Leo,Rutley,lrutleyfa@statcounter.com,Male,195.28.235.49
292,Devland,MacCleod,dmaccleod83@cdbaby.com,Male,195.94.81.14
163,Stormie,Tarbet,starbet4i@unblog.fr,Female,196.116.207.11
147,Mattias,Kidney,mkidney42@unblog.fr,Male,196.119.181.49
172,Lucias,Camock,lcamock4r@discovery.com,Male,196.176.171.76
517,Isa,Cunniam,icunniamec@google.com.br,Female,196.92.214.17
245,Alden,Wetherick,awetherick6s@nih.gov,Male,198.150.77.148
158,Ariela,McClure,amcclure4d@nationalgeographic.com,Female,198.35.210.113
553,Bennie,Waplinton,bwaplintonfc@vkontakte.ru,Female,198.67.123.17
858,Ivett,Deaves,ideavesnt@skyrock.com,Female,198.68.95.212
414,Marcelia,McVaugh,mmcvaughbh@forbes.com,Female,198.87.18.106
420,Benny,Fowkes,bfowkesbn@telegraph.co.uk,Male,199.123.229.167
760,Greg,Swatten,gswattenl3@abc.net.au,Male,199.217.134.213
499,Alison,Corkill,acorkilldu@sphinn.com,Female,199.248.241.61
727,Georas,Sauvain,gsauvaink6@wordpress.com,Male,199.35.191.149
235,Ally,McAlroy,amcalroy6i@blogs.com,Female,2.132.93.140
833,Cathie,Keoghane,ckeoghanen4@1688.com,Female,2.214.7.92
869,Keenan,Glantz,kglantzo4@ted.com,Male,2.233.158.141
857,Shell,Elford,selfordns@goo.ne.jp,Male,2.47.133.159
491,Jacenta,Meriguet,jmeriguetdm@ftc.gov,Female,20.119.34.96
448,Ruby,Elmhirst,relmhirstcf@trellian.com,Female,20.209.41.111
237,Tamma,McRill,tmcrill6k@comcast.net,Female,20.66.89.225
116,Audrie,Twomey,atwomey37@google.cn,Female,200.150.213.108
497,Pat,Padillo,ppadillods@imdb.com,Female,200.180.52.15
533,Adriena,Cottingham,acottinghames@berkeley.edu,Female,200.240.227.229
964,Xenia,Ellit,xellitqr@google.com.br,Female,200.3.228.252
642,Kissiah,Salamon,ksalamonht@mayoclinic.com,Female,201.205.93.9
652,Andrew,Chalice,achalicei3@sun.com,Male,201.228.89.67
195,Melvin,Millgate,mmillgate5e@pinterest.com,Male,201.8.87.238
567,Dacy,Cavie,dcaviefq@eventbrite.com,Female,201.89.25.2
306,Jordon,Sullly,jsullly8h@icio.us,Male,202.3.48.104
704,Laurianne,Brafield,lbrafieldjj@reddit.com,Female,203.101.88.126
834,Carny,Lewsie,clewsien5@live.com,Male,203.161.170.38
788,Joya,Foddy,jfoddylv@yellowbook.com,Female,204.112.4.80
774,Jeri,Kissack,jkissacklh@reverbnation.com,Female,204.14.255.145
835,Rickie,Alberti,ralbertin6@theglobeandmail.com,Male,204.207.18.146
411,Julie,Doumic,jdoumicbe@amazonaws.com,Male,204.90.189.177
462,Caldwell,Gergher,cgergherct@youku.com,Male,205.114.67.3
793,Tawsha,O'Luney,toluneym0@nps.gov,Female,205.226.202.20
36,Erny,Gorden,egordenz@harvard.edu,Male,205.230.176.2
397,Richardo,Magill,rmagillb0@harvard.edu,Male,205.34.81.79
626,Cinnamon,Plaide,cplaidehd@netlog.com,Female,205.68.72.64
995,Celeste,Robjant,crobjantrm@ovh.net,Female,205.81.162.30
210,Farr,Staff,fstaff5t@issuu.com,Male,206.180.35.208
150,Dena,Sixsmith,dsixsmith45@1688.com,Female,207.102.130.212
12,Teodora,Ortzen,tortzenb@mapquest.com,Female,207.134.160.28
263,Bunny,Stubbings,bstubbings7a@loc.gov,Female,207.251.190.236
249,Torrie,Molfino,tmolfino6w@feedburner.com,Female,208.133.223.219
615,Jazmin,O'Rourke,jorourkeh2@virginia.edu,Female,208.178.169.15
670,Rosalind,Reditt,rredittil@51.la,Female,208.6.17.33
333,Mag,Rubinovitsch,mrubinovitsch98@rambler.ru,Female,209.25.246.144
562,Sancho,Drewitt,sdrewittfl@java.com,Male,21.53.210.211
943,Mufinella,Dallmann,mdallmannq6@army.mil,Female,21.58.64.214
927,Emogene,Harnell,eharnellpq@amazon.com,Female,21.87.67.161
66,Alonso,Klosa,aklosa1t@etsy.com,Male,210.101.191.211
389,Eudora,Semiras,esemirasas@google.cn,Female,210.153.51.157
390,Bonita,Harrap,bharrapat@fotki.com,Female,210.185.162.96
736,Michelle,Longley,mlongleykf@issuu.com,Female,210.20.232.202
720,Aaron,De Gowe,adegowejz@kickstarter.com,Male,210.98.189.3
612,Dorthea,Easum,deasumgz@theguardian.com,Female,211.120.140.152
418,Evvy,Brunelli,ebrunellibl@uol.com.br,Female,211.132.47.18
699,Zane,Gregs,zgregsje@boston.com,Male,211.168.141.162
771,Annalise,Ruff,aruffle@altervista.org,Female,211.181.75.103
346,Jesus,Clemmens,jclemmens9l@ucla.edu,Male,211.184.215.234
103,Kath,Bakster,kbakster2u@theglobeandmail.com,Female,211.204.104.226
876,Bettye,Boatwright,bboatwrightob@nsw.gov.au,Female,211.39.202.219
643,Bengt,Pierson,bpiersonhu@altervista.org,Male,212.159.45.132
490,Kassey,Tyreman,ktyremandl@issuu.com,Female,212.226.220.91
276,Duky,Couser,dcouser7n@home.pl,Male,212.229.149.82
881,Isadore,Ingleton,iingletonog@amazon.co.uk,Male,212.233.104.156
130,Claudell,Dyment,cdyment3l@goo.gl,Male,212.24.102.173
466,Paxton,Boath,pboathcx@meetup.com,Male,212.243.251.140
982,Rozalin,Wylam,rwylamr9@intel.com,Female,212.51.54.94
393,Harriett,Swadling,hswadlingaw@godaddy.com,Female,212.61.143.72
781,Archaimbaud,Winkett,awinkettlo@arstechnica.com,Male,212.65.72.255
559,Chelsie,Cronshaw,ccronshawfi@wordpress.org,Female,213.210.157.50
694,Maury,Bonham,mbonhamj9@reference.com,Male,213.226.24.160
234,Turner,Etches,tetches6h@cnn.com,Male,214.231.253.5
769,Doralynn,Noakes,dnoakeslc@seattletimes.com,Female,214.40.80.17
102,Burlie,Landis,blandis2t@histats.com,Male,215.111.148.124
871,Rheba,Chetham,rchethamo6@facebook.com,Female,215.122.25.163
95,Vinnie,Zumbusch,vzumbusch2m@utexas.edu,Male,215.166.237.47
144,Magda,McNamee,mmcnamee3z@youtu.be,Female,215.51.194.177
359,Kevina,Streetley,kstreetley9y@so-net.ne.jp,Female,216.211.187.105
60,Lurleen,Harley,lharley1n@webs.com,Female,216.23.69.126
492,Alic,Suscens,asuscensdn@netscape.com,Male,216.236.96.19
148,Doreen,Chudleigh,dchudleigh43@chicagotribune.com,Female,216.87.155.39
545,Freddie,Byneth,fbynethf4@google.nl,Female,217.157.255.106
987,Pennie,Cayton,pcaytonre@stumbleupon.com,Male,218.121.101.25
583,Walliw,Larkin,wlarking6@senate.gov,Female,218.180.50.68
907,Hymie,Priver,hpriverp6@google.it,Male,218.194.173.114
5,Tammie,Clearley,tclearley4@bloomberg.com,Male,218.211.246.154
825,Ric,Emsden,remsdenmw@twitpic.com,Male,218.234.99.110
726,Kayle,Rockhill,krockhillk5@g.co,Female,218.56.27.9
256,Christye,Pude,cpude73@harvard.edu,Female,219.11.131.47
841,Bonny,Antram,bantramnc@biblegateway.com,Female,219.113.64.247
972,Sid,Labusquiere,slabusquiereqz@miitbeian.gov.cn,Male,219.212.11.249
118,Amargo,Master,amaster39@admin.ch,Female,219.214.202.156
712,Carie,Catling,ccatlingjr@samsung.com,Female,219.223.119.172
81,Laraine,Summerfield,lsummerfield28@wix.com,Female,219.227.92.173
139,Almira,Philo,aphilo3u@linkedin.com,Female,219.70.222.246
922,Creigh,Deegin,cdeeginpl@auda.org.au,Male,22.62.182.203
552,Franky,Spracklin,fspracklinfb@unesco.org,Female,22.67.0.186
410,Barnabe,Klausen,bklausenbd@geocities.jp,Male,220.164.79.139
969,Norina,Brombell,nbrombellqw@trellian.com,Female,220.179.140.199
729,Gardener,Fripp,gfrippk8@prnewswire.com,Male,220.197.150.165
288,Kizzee,Island,kisland7z@youtube.com,Female,220.201.117.248
685,Albie,Fritche,afritchej0@reuters.com,Male,220.201.2.16
115,Caren,Simononsky,csimononsky36@so-net.ne.jp,Female,220.218.97.168
90,Maddie,Warstall,mwarstall2h@linkedin.com,Male,220.230.134.111
864,Georgeanne,Hilary,ghilarynz@typepad.com,Female,220.75.77.38
848,Chrissy,Garnall,cgarnallnj@hatena.ne.jp,Female,221.118.84.116
641,Derron,Bullus,dbullushs@census.gov,Male,221.134.242.172
193,Dukey,Mapham,dmapham5c@mysql.com,Male,221.8.43.42
416,Gerick,Stormonth,gstormonthbj@craigslist.org,Male,221.85.236.131
516,Humbert,O'Downe,hodowneeb@wired.com,Male,222.121.217.126
756,Joshuah,Everex,jeverexkz@cisco.com,Male,222.195.255.7
933,Willie,Bulman,wbulmanpw@gravatar.com,Female,222.35.153.248
367,Helen-elizabeth,Gorick,hgoricka6@psu.edu,Female,222.47.99.71
174,Fidole,Behnecke,fbehnecke4t@google.com.hk,Male,222.92.112.53
946,Reynolds,Fittall,rfittallq9@clickbank.net,Male,223.197.59.187
983,Sascha,Petrollo,spetrollora@123-reg.co.uk,Male,223.244.214.183
507,Mendy,McGuiney,mmcguineye2@nationalgeographic.com,Male,223.38.127.155
556,Davis,Bineham,dbinehamff@dell.com,Male,224.116.245.199
823,Cally,Holdren,choldrenmu@tumblr.com,Female,224.227.24.108
984,Cooper,De Bruin,cdebruinrb@1und1.de,Male,224.229.187.251
173,Den,Delnevo,ddelnevo4s@mac.com,Male,224.23.83.185
96,Angelica,Tinsley,atinsley2n@sitemeter.com,Female,224.42.191.100
475,Andris,Blakeway,ablakewayd6@ehow.com,Male,224.66.245.70
666,Diane-marie,Di Biasio,ddibiasioih@discovery.com,Female,224.82.133.183
619,Niki,Origin,noriginh6@wisc.edu,Female,225.114.52.132
941,Horten,Lamming,hlammingq4@netscape.com,Male,225.204.182.209
356,Kinsley,Laverty,klaverty9v@artisteer.com,Male,225.232.4.242
101,Barb,Gerbi,bgerbi2s@yale.edu,Female,225.97.30.78
439,Isidore,Earthfield,iearthfieldc6@discuz.net,Male,226.100.209.70
677,Thaddus,Touhig,ttouhigis@devhub.com,Male,226.14.97.83
845,Clarinda,Coke,ccokeng@cisco.com,Female,226.17.64.175
501,Gaylor,Gelderd,ggelderddw@illinois.edu,Male,226.246.245.4
198,Kendrick,Villa,kvilla5h@joomla.org,Male,226.39.192.235
702,Timofei,Biggar,tbiggarjh@usgs.gov,Male,226.76.88.234
901,Rosana,Artharg,rarthargp0@github.com,Female,227.124.91.128
48,Cord,Fechnie,cfechnie1b@yelp.com,Male,227.143.131.224
86,Jayme,Crystal,jcrystal2d@europa.eu,Male,227.171.2.23
275,Anica,Rubee,arubee7m@goo.ne.jp,Female,227.218.34.24
351,Sonnie,Ivashintsov,sivashintsov9q@symantec.com,Female,228.123.15.174
226,Reggi,Storres,rstorres69@amazon.co.uk,Female,228.136.127.198
767,Ker,Thackwray,kthackwrayla@blogtalkradio.com,Male,228.237.141.171
177,Rosina,Pinckney,rpinckney4w@ucla.edu,Female,229.15.1.106
898,Evan,Mattschas,emattschasox@alibaba.com,Male,229.150.196.54
986,Daisie,Laurand,dlaurandrd@ifeng.com,Female,229.173.9.218
761,Humberto,Tomsa,htomsal4@kickstarter.com,Male,229.207.144.123
386,Patience,Alforde,palfordeap@people.com.cn,Female,229.230.111.244
456,Emanuele,Mellenby,emellenbycn@about.me,Male,230.130.174.23
853,Horton,Cardenoza,hcardenozano@1688.com,Male,230.142.77.9
889,Mayne,Paxforde,mpaxfordeoo@mtv.com,Male,230.213.65.234
75,Martynne,Napoleon,mnapoleon22@yale.edu,Female,231.45.210.240
718,Mufinella,Shoulders,mshouldersjx@tumblr.com,Female,231.72.109.222
743,Barny,Shields,bshieldskm@yandex.ru,Male,231.85.232.33
208,Harriett,Burnhams,hburnhams5r@ameblo.jp,Female,232.106.169.191
575,Doe,D'Agostino,ddagostinofy@nydailynews.com,Female,232.194.5.14
752,Brandy,Bonehill,bbonehillkv@google.nl,Female,232.209.39.11
369,Kala,Espinosa,kespinosaa8@hubpages.com,Female,233.125.59.105
441,Cinnamon,Retter,cretterc8@qq.com,Female,233.250.127.108
344,Tito,Blanche,tblanche9j@skyrock.com,Male,233.77.151.46
446,Minnaminnie,Lardiner,mlardinercd@walmart.com,Female,233.88.151.114
487,Marleen,Kob,mkobdi@slideshare.net,Female,234.22.63.181
120,Peggy,Tunno,ptunno3b@cloudflare.com,Female,235.152.176.217
25,Kinny,Franzelini,kfranzelinio@thetimes.co.uk,Male,235.205.157.190
954,Darby,Yarr,dyarrqh@kickstarter.com,Male,235.233.155.52
837,Fawnia,Godman,fgodmann8@nymag.com,Female,235.71.1.63
587,Feodor,Pasley,fpasleyga@nifty.com,Male,235.82.169.165
137,Happy,Brolan,hbrolan3s@soup.io,Female,235.9.125.12
270,Dall,Hallatt,dhallatt7h@yellowbook.com,Male,236.178.200.62
285,Addia,Armstrong,aarmstrong7w@dion.ne.jp,Female,236.217.115.128
640,Walsh,Bento,wbentohr@comsenz.com,Male,236.234.190.47
336,Vern,Helbeck,vhelbeck9b@bbb.org,Male,236.242.169.192
696,Sonja,Corran,scorranjb@phpbb.com,Female,236.244.220.119
991,Rozanne,Laidler,rlaidlerri@examiner.com,Female,236.3.91.215
865,Priscilla,Iggalden,piggaldeno0@about.me,Female,236.71.229.130
540,Luciana,Clavering,lclaveringez@goo.ne.jp,Female,237.109.27.140
207,Neysa,Rylatt,nrylatt5q@about.com,Female,237.158.142.177
661,Juliette,Terrill,jterrillic@slideshare.net,Female,237.163.65.80
302,Nikolos,Fishley,nfishley8d@house.gov,Male,237.2.27.43
286,Robbin,Paule,rpaule7x@cornell.edu,Female,237.211.60.76
454,Irina,Willment,iwillmentcl@icio.us,Female,237.236.148.170
579,Mortie,Peck,mpeckg2@blinklist.com,Male,237.72.211.201
428,Belicia,Pocock,bpocockbv@usnews.com,Female,238.116.107.229
879,Judi,Flegg,jfleggoe@reddit.com,Female,238.226.217.209
252,Evelyn,Jose,ejose6z@msu.edu,Male,238.245.194.144
220,Gallard,Norker,gnorker63@php.net,Male,239.100.11.105
213,Deirdre,Merrell,dmerrell5w@altervista.org,Female,239.116.244.88
461,Morton,MacDonell,mmacdonellcs@usatoday.com,Male,239.2.182.159
227,Chlo,Cree,ccree6a@bandcamp.com,Female,239.36.53.231
676,Sayer,Kobierra,skobierrair@jalbum.net,Male,24.121.182.34
826,Carlina,Brindley,cbrindleymx@census.gov,Female,24.133.104.195
257,Euell,Hawse,ehawse74@diigo.com,Male,24.86.64.234
537,Darrelle,Kleinhaut,dkleinhautew@artisteer.com,Female,240.129.247.68
242,Anselm,Gutowska,agutowska6p@cmu.edu,Male,240.192.195.167
813,Marcelo,Oseland,moselandmk@oaic.gov.au,Male,240.211.241.170
452,Virgil,Ferraron,vferraroncj@t-online.de,Male,241.136.47.86
655,Sutherland,Shields,sshieldsi6@hud.gov,Male,241.224.250.224
554,Lib,Emlen,lemlenfd@hostgator.com,Female,241.242.254.91
524,Abeu,Devaney,adevaneyej@opensource.org,Male,241.68.238.21
22,Dewitt,Martyns,dmartynsl@icq.com,Male,241.85.56.179
706,Cob,Filipiak,cfilipiakjl@businessweek.com,Male,242.101.163.153
658,Burton,Jarrad,bjarradi9@home.pl,Male,242.108.144.140
673,Datha,Heddy,dheddyio@addthis.com,Female,242.134.80.239
188,Gillan,Davidovitz,gdavidovitz57@zimbio.com,Female,242.39.116.175
890,Gasparo,Forsdyke,gforsdykeop@squarespace.com,Male,243.1.232.29
766,Billi,Haddleston,bhaddlestonl9@ox.ac.uk,Female,243.155.73.83
577,Rochelle,O'Shevlan,roshevlang0@deviantart.com,Female,243.158.162.225
296,Kiri,Willeman,kwilleman87@artisteer.com,Female,243.194.241.8
495,Mirabel,Fawloe,mfawloedq@ihg.com,Female,243.227.156.23
121,Radcliffe,Spinige,rspinige3c@sciencedaily.com,Male,243.240.10.221
513,Garry,Scowcraft,gscowcrafte8@un.org,Male,244.112.7.199
525,Ashlee,Gerber,agerberek@slashdot.org,Female,244.196.54.104
921,Elisa,Danielis,edanielispk@springer.com,Female,244.49.133.207
361,Terencio,Westhofer,twesthofera0@cdbaby.com,Male,244.8.48.209
776,Innis,Goymer,igoymerlj@shareasale.com,Male,244.88.33.143
42,Chaim,Eccersley,ceccersley15@cbc.ca,Male,245.138.72.192
354,Vail,McCaffery,vmccaffery9t@narod.ru,Male,245.155.243.172
616,Caressa,Bernardotti,cbernardottih3@alibaba.com,Female,245.221.175.63
122,Millard,Kempston,mkempston3d@house.gov,Male,245.225.94.163
239,Henrietta,Slatten,hslatten6m@livejournal.com,Female,245.252.218.155
4,Ainslee,Hosburn,ahosburn3@creativecommons.org,Female,246.115.131.239
391,Ali,Crispe,acrispeau@naver.com,Male,247.124.179.229
419,Fallon,Lutty,fluttybm@mashable.com,Female,247.139.173.119
955,Bird,O'Henehan,bohenehanqi@ftc.gov,Female,247.168.234.212
112,Janella,Filyaev,jfilyaev33@hhs.gov,Female,247.194.238.166
628,Pooh,Alexsandrov,palexsandrovhf@sitemeter.com,Male,247.227.163.79
859,Jehu,Bonsul,jbonsulnu@hugedomains.com,Male,247.52.106.148
584,Alvie,Splevins,asplevinsg7@google.com.br,Male,247.58.127.221
613,Petronella,Jearum,pjearumh0@feedburner.com,Female,247.75.11.145
250,Eddie,Chimienti,echimienti6x@cyberchimps.com,Female,247.86.169.169
484,Wileen,Souza,wsouzadf@tinyurl.com,Female,247.90.109.243
11,Prisca,Tegler,pteglera@oaic.gov.au,Female,249.67.250.173
542,Asher,Bruty,abrutyf1@va.gov,Male,25.101.41.46
467,Koral,Handscombe,khandscombecy@wired.com,Female,25.106.116.231
327,Irv,McNair,imcnair92@twitpic.com,Male,25.12.12.119
400,Lucais,Hillin,lhillinb3@google.es,Male,25.171.110.61
197,Ibby,Chaffin,ichaffin5g@ask.com,Female,25.62.59.171
657,Lemmy,Milthorpe,lmilthorpei8@go.com,Male,25.77.177.16
940,Maure,Oger,mogerq3@goodreads.com,Female,250.169.165.176
35,Griff,Troppmann,gtroppmanny@hexun.com,Male,250.175.13.196
861,Nikkie,McCosh,nmccoshnw@apple.com,Female,250.183.8.223
970,Edd,Dummett,edummettqx@hud.gov,Male,251.227.185.86
184,Ramsay,Stooke,rstooke53@engadget.com,Male,251.254.148.84
967,Bancroft,Sillick,bsillickqu@earthlink.net,Male,251.29.211.152
438,Hayyim,Farny,hfarnyc5@phoca.cz,Male,251.42.41.137
538,Zonda,Peyzer,zpeyzerex@e-recht24.de,Female,251.54.2.90
836,Phillip,Morcomb,pmorcombn7@nydailynews.com,Male,251.67.124.207
671,Janela,Bignal,jbignalim@blogger.com,Female,252.112.190.127
162,Allene,Meriott,ameriott4h@canalblog.com,Female,253.146.120.182
243,Rhona,Blankett,rblankett6q@123-reg.co.uk,Female,253.231.106.168
457,Beauregard,Grimster,bgrimsterco@4shared.com,Male,253.41.114.59
232,Maurice,Murkin,mmurkin6f@wikimedia.org,Male,253.49.83.57
273,Inge,Bugdall,ibugdall7k@last.fm,Female,253.57.214.9
605,Nanette,Skase,nskasegs@csmonitor.com,Female,253.69.66.111
500,Reece,Pulster,rpulsterdv@flavors.me,Male,253.83.232.187
52,April,Burnsell,aburnsell1f@ifeng.com,Female,253.93.228.174
885,Tiler,Measom,tmeasomok@nytimes.com,Male,254.161.33.164
645,Leonhard,Traske,ltraskehw@issuu.com,Male,254.219.90.49
18,Sigmund,Gerhardt,sgerhardth@yahoo.com,Male,255.134.243.255
580,Barbette,Bolley,bbolleyg3@mapquest.com,Female,255.21.233.211
814,Myrwyn,Poll,mpollml@ameblo.jp,Male,255.216.231.185
632,Niall,Sydenham,nsydenhamhj@webnode.com,Male,255.55.138.132
381,Kania,O'Siaghail,kosiaghailak@census.gov,Female,255.55.254.69
236,Shay,Yetman,syetman6j@reuters.com,Male,26.234.58.107
851,Lorens,Methingam,lmethingamnm@jiathis.com,Male,27.156.202.135
765,Christabel,Carlisi,ccarlisil8@amazon.de,Female,27.182.92.38
891,Bevan,Sketcher,bsketcheroq@w3.org,Male,27.28.98.238
238,Moss,Tiley,mtiley6l@bing.com,Male,27.30.12.152
566,Shantee,Cashman,scashmanfp@princeton.edu,Female,27.9.5.211
663,Cale,Stedmond,cstedmondie@fema.gov,Male,28.130.175.236
24,Bertrando,Bramwell,bbramwelln@trellian.com,Male,28.250.252.31
77,Amberly,Cobbledick,acobbledick24@typepad.com,Female,28.26.78.130
686,Munmro,Dabel,mdabelj1@berkeley.edu,Male,29.237.223.13
65,Devin,Astle,dastle1s@soundcloud.com,Female,3.139.195.219
664,Elsinore,Wreath,ewreathif@sbwire.com,Female,3.247.174.8
772,Bartolemo,Bermingham,bberminghamlf@quantcast.com,Male,3.25.170.26
97,Amos,Lambird,alambird2o@comsenz.com,Male,3.251.99.185
949,Enos,Faustin,efaustinqc@twitpic.com,Male,3.36.34.171
797,Tuckie,Ballaam,tballaamm4@usatoday.com,Male,3.81.240.201
32,Bertrand,Dixcee,bdixceev@github.com,Male,30.10.40.91
269,Devora,Jump,djump7g@phpbb.com,Female,30.129.93.86
931,Constantine,Espasa,cespasapu@soup.io,Female,30.151.51.180
792,Bonnibelle,Kulver,bkulverlz@globo.com,Female,30.167.24.22
145,Saleem,Bayly,sbayly40@naver.com,Male,30.203.240.209
53,Ava,Lemmen,alemmen1g@smugmug.com,Female,30.233.46.252
985,Tabbie,Toope,ttooperc@npr.org,Male,30.243.21.231
873,Sibby,Tebbe,stebbeo8@illinois.edu,Female,31.159.81.178
667,Melonie,Anster,mansterii@slashdot.org,Female,31.164.252.138
161,Norry,Lewing,nlewing4g@tuttocitta.it,Male,31.187.195.240
504,Channa,Twigg,ctwiggdz@cnn.com,Female,31.9.212.66
597,Peg,Duplock,pduplockgk@nifty.com,Female,32.127.254.206
682,Adolph,Hakking,ahakkingix@ft.com,Male,32.27.238.21
85,Lianne,Spriggs,lspriggs2c@msn.com,Female,32.86.205.102
44,Aleksandr,Alessandretti,aalessandretti17@wordpress.com,Male,33.10.34.94
913,Petronille,Fairfull,pfairfullpc@jimdo.com,Female,33.248.251.158
404,Avictor,Annes,aannesb7@example.com,Male,33.48.188.82
3,Dory,Loseby,dloseby2@dot.gov,Male,34.138.239.136
918,Carley,Stennet,cstennetph@i2i.jp,Female,34.146.141.8
231,Melony,Nyssen,mnyssen6e@example.com,Female,34.184.203.18
629,Mureil,Copnell,mcopnellhg@cornell.edu,Female,34.77.57.5
856,Katerina,Klisch,kklischnr@aol.com,Female,35.188.178.75
974,Cristin,Kuhnhardt,ckuhnhardtr1@live.com,Female,35.232.119.4
924,Corbin,Fish,cfishpn@nbcnews.com,Male,35.245.13.127
73,Hadrian,Hancill,hhancill20@artisteer.com,Male,35.5.160.225
176,Shell,Deabill,sdeabill4v@skyrock.com,Female,35.66.66.5
190,Bryce,Tindall,btindall59@about.me,Male,36.145.141.170
617,Brock,Meece,bmeeceh4@yolasite.com,Male,37.203.136.184
1000,Odie,Kellogg,okelloggrr@wikispaces.com,Male,38.205.104.148
307,Melisse,Hancke,mhancke8i@thetimes.co.uk,Female,38.211.232.162
627,Kelley,Pickersgill,kpickersgillhe@weebly.com,Male,38.227.159.210
63,Laurie,Spadaro,lspadaro1q@craigslist.org,Female,38.248.154.154
322,Faber,Zorro,fzorro8x@over-blog.com,Male,38.30.243.245
815,Alex,Motion,amotionmm@examiner.com,Female,38.88.77.182
515,Clarance,Cornwall,ccornwallea@diigo.com,Male,39.167.238.51
31,Jenica,Creaser,jcreaseru@weather.com,Female,39.173.194.18
320,Benjamen,Tennock,btennock8v@github.com,Male,39.196.248.121
430,Annalee,De Biasi,adebiasibx@telegraph.co.uk,Female,39.253.140.233
639,Giustina,Ansell,gansellhq@github.io,Female,39.3.43.3
204,Philipa,Bonnesen,pbonnesen5n@patch.com,Female,39.50.12.10
915,Candace,Gibbings,cgibbingspe@businesswire.com,Female,39.95.38.253
930,Vincents,Gouch,vgouchpt@51.la,Male,40.112.21.110
510,Kimble,Durnin,kdurnine5@guardian.co.uk,Male,40.131.44.129
168,Ingunna,Faas,ifaas4n@google.de,Female,40.16.61.40
339,Annemarie,Baggelley,abaggelley9e@icq.com,Female,40.180.58.22
919,Adrianne,Helstrom,ahelstrompi@ocn.ne.jp,Female,40.197.219.28
39,Blair,Deave,bdeave12@hatena.ne.jp,Male,40.204.165.226
94,Oberon,Prettyman,oprettyman2l@tinyurl.com,Male,41.169.136.251
782,Trstram,Attreed,tattreedlp@boston.com,Male,41.63.6.53
832,Duffie,Filliskirk,dfilliskirkn3@ed.gov,Male,41.65.10.208
701,Beale,Bedberry,bbedberryjg@twitpic.com,Male,42.194.136.45
447,Willdon,Prisley,wprisleyce@ox.ac.uk,Male,42.223.132.80
259,Tye,Ewer,tewer76@so-net.ne.jp,Male,42.43.214.199
734,Alford,Sedgemond,asedgemondkd@seattletimes.com,Male,42.52.232.127
609,Xaviera,Blackler,xblacklergw@technorati.com,Female,43.132.122.226
362,Tull,Ghilardi,tghilardia1@pagesperso-orange.fr,Male,44.112.39.146
194,Ricard,Keeney,rkeeney5d@ca.gov,Male,44.211.62.124
938,Boothe,Fairn,bfairnq1@hc360.com,Male,44.218.105.53
690,Eduardo,Drewett,edrewettj5@usa.gov,Male,44.85.120.235
465,Hermia,Cleyne,hcleynecw@ted.com,Female,44.91.146.12
68,Garv,Weatherby,gweatherby1v@gov.uk,Male,45.102.82.66
604,Aloysius,Tredwell,atredwellgr@springer.com,Male,45.119.87.12
936,Kerry,Jermin,kjerminpz@friendfeed.com,Male,45.218.150.182
15,Tuesday,Stive,tstivee@multiply.com,Female,45.237.67.234
905,Markos,Crassweller,mcrasswellerp4@bigcartel.com,Male,45.248.143.82
750,Brewster,Gritland,bgritlandkt@cdbaby.com,Male,45.35.80.183
783,Crawford,Shapcote,cshapcotelq@amazon.co.jp,Male,45.43.24.242
565,Daron,Schapiro,dschapirofo@nyu.edu,Female,45.62.219.14
801,Liuka,Mamwell,lmamwellm8@ox.ac.uk,Female,45.9.114.245
790,Joelynn,Duckers,jduckerslx@timesonline.co.uk,Female,46.126.172.238
445,Mariejeanne,Kidd,mkiddcc@eventbrite.com,Female,46.193.234.202
338,Daveen,McGorman,dmcgorman9d@phpbb.com,Female,47.244.115.89
51,Trent,Hinken,thinken1e@statcounter.com,Male,47.58.223.238
72,Jacynth,Espadas,jespadas1z@fema.gov,Female,48.127.176.55
854,Ned,Doncaster,ndoncasternp@umn.edu,Male,48.2.222.61
541,Gertruda,Cubley,gcubleyf0@flickr.com,Female,48.201.246.232
108,Auguste,Southcomb,asouthcomb2z@deliciousdays.com,Female,48.31.139.131
117,Elvin,Sheasby,esheasby38@surveymonkey.com,Male,49.108.249.53
493,Devinne,Boughen,dboughendo@deviantart.com,Female,49.14.41.102
681,Jamison,Gong,jgongiw@blogs.com,Male,49.241.38.60
206,Carolynn,Stichall,cstichall5p@hao123.com,Female,49.44.220.69
578,Lawton,Windous,lwindousg1@kickstarter.com,Male,49.98.117.137
55,Brandise,Oxby,boxby1i@cafepress.com,Female,5.136.73.42
17,Perry,Henaughan,phenaughang@earthlink.net,Male,5.140.162.249
209,Jeffry,Esmond,jesmond5s@epa.gov,Male,5.72.100.224
425,Petey,Weiser,pweiserbs@purevolume.com,Male,50.105.195.241
364,Chase,Featherstonhaugh,cfeatherstonhaugha3@com.com,Male,50.215.96.32
502,Genna,Lucock,glucockdx@hao123.com,Female,51.238.95.162
370,Ariela,Stebbings,astebbingsa9@google.com,Female,51.59.37.93
59,Alfie,Breakwell,abreakwell1m@gmpg.org,Female,51.89.66.238
665,Perren,Luggar,pluggarig@tinyurl.com,Male,52.15.200.214
199,Wynn,Armour,warmour5i@ameblo.jp,Male,52.155.201.190
45,Kassi,Este,keste18@biblegateway.com,Female,52.156.88.222
278,Persis,Braisby,pbraisby7p@msn.com,Female,52.182.76.60
37,Nestor,Chetwynd,nchetwynd10@delicious.com,Male,52.20.43.176
528,Chrystel,Ludl,cludlen@flickr.com,Female,52.32.154.106
317,Merralee,Faas,mfaas8s@facebook.com,Female,52.60.215.162
521,Laney,Suart,lsuarteg@github.com,Female,53.11.246.21
432,Abrahan,Bartalot,abartalotbz@craigslist.org,Male,53.165.56.182
647,Elsey,Moehle,emoehlehy@naver.com,Female,53.176.102.2
451,Floria,Searle,fsearleci@webnode.com,Female,53.232.63.143
824,Gabriellia,Frayne,gfraynemv@unicef.org,Female,53.253.164.175
93,Cesare,Tottle,ctottle2k@live.com,Male,54.150.98.175
374,Shel,Ruspine,sruspinead@theglobeandmail.com,Female,54.182.85.185
625,Basia,Audley,baudleyhc@apple.com,Female,54.232.234.35
570,Grenville,Agott,gagottft@devhub.com,Male,55.142.122.196
878,Nannie,Furze,nfurzeod@amazonaws.com,Female,55.186.49.228
437,Bob,Sherwood,bsherwoodc4@yellowpages.com,Male,55.208.107.95
959,Chloette,Rolinson,crolinsonqm@ifeng.com,Female,55.29.84.130
464,Ruperto,Calver,rcalvercv@tuttocitta.it,Male,55.65.74.56
751,Lenci,Ashbrook,lashbrookku@typepad.com,Male,56.123.158.220
910,Eden,Griswaite,egriswaitep9@wisc.edu,Female,56.150.171.181
274,Margi,McDonough,mmcdonough7l@usda.gov,Female,56.195.115.14
2,Jareb,Westmerland,jwestmerland1@webs.com,Male,56.51.202.115
27,Mario,Kennler,mkennlerq@ibm.com,Male,56.70.246.237
258,Orsola,Tabourel,otabourel75@uol.com.br,Female,56.93.216.139
610,Tammy,Gronauer,tgronauergx@cbslocal.com,Male,57.173.173.46
352,Charlene,Downing,cdowning9r@businessweek.com,Female,57.213.13.167
265,Goraud,Greenier,ggreenier7c@surveymonkey.com,Male,57.49.130.59
159,Sigmund,Rosenstock,srosenstock4e@mayoclinic.com,Male,58.154.42.180
83,Marchelle,Albery,malbery2a@senate.gov,Female,58.81.145.118
687,Duff,Fee,dfeej2@xrea.com,Male,59.109.146.99
805,Garnet,Speakman,gspeakmanmc@kickstarter.com,Female,59.182.24.156
375,Viva,Piet,vpietae@sakura.ne.jp,Female,6.144.20.226
883,Jammal,Scartifield,jscartifieldoi@oaic.gov.au,Male,6.212.168.44
136,Kerwinn,Leynagh,kleynagh3r@pbs.org,Male,6.238.31.230
215,Alejoa,Folley,afolley5y@bloglines.com,Male,6.47.245.187
846,Barbaraanne,Whettleton,bwhettletonnh@sohu.com,Female,6.6.240.146
413,Claudio,Signore,csignorebg@bbb.org,Male,60.119.183.151
69,Daune,Kinner,dkinner1w@bbc.co.uk,Female,60.192.42.101
852,Nealson,Klosser,nklossernn@omniture.com,Male,61.10.0.238
803,Raffarty,Makey,rmakeyma@clickbank.net,Male,61.129.220.220
230,Faulkner,Stanlike,fstanlike6d@state.tx.us,Male,61.205.150.105
762,Chastity,Biers,cbiersl5@china.com.cn,Female,61.225.208.12
388,Bree,Swadon,bswadonar@miitbeian.gov.cn,Female,62.138.50.52
591,Phil,Hearon,phearonge@alexa.com,Male,62.95.216.12
284,Carolee,Lempenny,clempenny7v@hugedomains.com,Female,63.16.215.239
624,Hastie,Mattholie,hmattholiehb@webeden.co.uk,Male,63.207.44.197
291,Ricardo,Blyden,rblyden82@blinklist.com,Male,63.57.125.48
937,Galen,Eric,gericq0@com.com,Male,64.11.239.175
828,Pauletta,Wozencraft,pwozencraftmz@google.com.hk,Female,64.118.72.228
229,Robb,Arnout,rarnout6c@alibaba.com,Male,64.169.173.83
809,Pepito,Queripel,pqueripelmg@forbes.com,Male,64.196.116.18
382,Graig,Bradburne,gbradburneal@fema.gov,Male,64.238.88.206
80,Miner,Manhood,mmanhood27@census.gov,Male,64.48.92.103
409,Nichole,Gerrietz,ngerrietzbc@biglobe.ne.jp,Male,66.149.178.182
114,Marjy,Lavallin,mlavallin35@quantcast.com,Female,66.199.79.23
526,Bernardo,Biskupski,bbiskupskiel@time.com,Male,66.200.64.11
426,Shane,Springell,sspringellbt@mit.edu,Male,66.243.96.115
124,Bordie,Brocklesby,bbrocklesby3f@youku.com,Male,66.34.225.155
817,Corty,Egginson,cegginsonmo@reference.com,Male,67.121.126.61
680,Hannah,Bunney,hbunneyiv@unicef.org,Female,67.23.82.18
395,Sullivan,Coath,scoathay@rambler.ru,Male,67.254.139.136
799,Ibrahim,Alison,ialisonm6@indiatimes.com,Male,67.35.165.68
271,Cloris,Melonby,cmelonby7i@odnoklassniki.ru,Female,68.67.17.40
514,Thorndike,Matthews,tmatthewse9@mysql.com,Male,69.123.179.113
363,Galvin,Cowpertwait,gcowpertwaita2@chicagotribune.com,Male,69.136.216.117
932,Wallis,Hutchings,whutchingspv@about.com,Male,69.137.23.152
779,Jodie,Brahms,jbrahmslm@europa.eu,Female,69.177.92.206
527,Devy,McComb,dmccombem@umich.edu,Male,69.232.176.233
309,Anitra,Nickolls,anickolls8k@hostgator.com,Female,7.193.26.142
9,Gregoor,Boldock,gboldock8@geocities.jp,Male,7.236.249.232
648,Eduardo,Timberlake,etimberlakehz@linkedin.com,Male,7.93.232.52
47,Trenton,GiacobbiniJacob,tgiacobbinijacob1a@samsung.com,Male,70.118.27.83
893,Vilma,Bigadike,vbigadikeos@answers.com,Female,70.207.168.26
224,Hashim,Thurlbeck,hthurlbeck67@omniture.com,Male,70.245.204.250
33,Josiah,Klauer,jklauerw@google.es,Male,70.255.238.122
107,Aguistin,Lymbourne,alymbourne2y@abc.net.au,Male,70.28.132.221
709,Carmel,Bate,cbatejo@behance.net,Female,70.35.146.51
614,Georgiana,Taggert,gtaggerth1@privacy.gov.au,Female,71.196.72.176
442,Roslyn,Jiggle,rjigglec9@mediafire.com,Female,71.232.1.107
92,Carmela,Hunter,chunter2j@about.com,Female,71.240.21.248
654,Ben,McMeyler,bmcmeyleri5@rediff.com,Male,71.25.76.159
786,Abramo,Bronger,abrongerlt@ihg.com,Male,71.97.150.148
70,Rachel,D'Antoni,rdantoni1x@foxnews.com,Female,72.15.176.60
644,Rosabel,Jirick,rjirickhv@marketwatch.com,Female,72.162.74.61
569,Emmalyn,Ropert,eropertfs@google.it,Female,72.52.153.134
506,Elfreda,Bulfoy,ebulfoye1@alibaba.com,Female,73.119.65.246
297,Paolina,Stolz,pstolz88@bizjournals.com,Female,73.128.92.144
971,Oona,Langelay,olangelayqy@a8.net,Female,73.168.172.180
599,Liana,Newe,lnewegm@bloglines.com,Female,73.201.96.241
434,Rory,Packham,rpackhamc1@home.pl,Male,73.230.119.208
822,Karoline,Vasnetsov,kvasnetsovmt@usgs.gov,Female,73.238.106.216
598,Kendall,Feldberger,kfeldbergergl@freewebs.com,Male,73.238.232.18
211,Kaia,Bayliss,kbayliss5u@surveymonkey.com,Female,73.254.28.65
431,Mair,Carwithan,mcarwithanby@webnode.com,Female,73.40.5.28
722,Karlotta,Peskin,kpeskink1@nba.com,Female,73.5.124.68
917,Della,Heathfield,dheathfieldpg@ezinearticles.com,Female,74.12.207.134
138,Phelia,Parram,pparram3t@squidoo.com,Female,74.143.100.74
253,Malynda,Dilland,mdilland70@fda.gov,Female,74.207.177.96
611,Ulrich,Hindes,uhindesgy@shareasale.com,Male,74.236.149.151
896,Lind,Dangerfield,ldangerfieldov@about.me,Male,74.88.178.133
693,Dallon,Thorley,dthorleyj8@lycos.com,Male,75.51.51.199
977,Friederike,Kennham,fkennhamr4@usda.gov,Female,75.61.212.35
54,Antoinette,Cracker,acracker1h@miibeian.gov.cn,Female,75.79.149.85
272,Lorine,Wanklyn,lwanklyn7j@fastcompany.com,Female,76.129.2.142
684,Morganica,Ormshaw,mormshawiz@wufoo.com,Female,76.132.125.162
1,Tanhya,Bluschke,tbluschke0@reference.com,Female,76.136.225.48
377,Andrea,Mullin,amullinag@upenn.edu,Female,76.138.131.4
831,Rufus,Aleksahkin,raleksahkinn2@prnewswire.com,Male,76.165.87.174
318,Fara,Pinwill,fpinwill8t@symantec.com,Female,76.217.69.222
962,Carole,Beecroft,cbeecroftqp@whitehouse.gov,Female,76.60.69.135
146,Karalee,Khilkov,kkhilkov41@constantcontact.com,Female,77.225.51.82
668,Elizabeth,Chelley,echelleyij@discovery.com,Female,77.227.28.250
167,Sargent,Cromett,scromett4m@discuz.net,Male,77.25.155.59
592,Florance,Disney,fdisneygf@opera.com,Female,77.43.35.66
266,Leese,Shoreson,lshoreson7d@independent.co.uk,Female,77.62.7.127
534,Tam,Ather,tatheret@disqus.com,Male,78.0.130.84
966,Mychal,Gresley,mgresleyqt@quantcast.com,Male,78.158.254.212
43,Rubie,Trenchard,rtrenchard16@indiegogo.com,Female,78.231.202.63
134,Giacopo,Rookwell,grookwell3p@arizona.edu,Male,78.34.0.62
201,Rebecca,Warlton,rwarlton5k@vk.com,Female,78.53.156.249
508,Cleveland,Knowller,cknowllere3@guardian.co.uk,Male,78.97.18.49
688,Ricca,Josefowicz,rjosefowiczj3@ameblo.jp,Female,79.118.216.154
899,Gael,Moreton,gmoretonoy@tmall.com,Female,79.190.110.73
49,Johnathan,Van der Velde,jvandervelde1c@msn.com,Male,79.226.153.41
550,Ashla,Morris,amorrisf9@github.com,Female,79.64.33.212
119,Jaime,Brandi,jbrandi3a@slideshare.net,Female,79.80.196.0
576,Marni,Buttler,mbuttlerfz@prweb.com,Female,8.122.141.232
838,Bone,Petrazzi,bpetrazzin9@edublogs.org,Male,8.227.223.239
408,Querida,Sterzaker,qsterzakerbb@ucoz.com,Female,8.69.198.120
935,Derron,Pieper,dpieperpy@dedecms.com,Male,80.153.93.104
796,Sybilla,Drogan,sdroganm3@liveinternet.ru,Female,80.161.152.100
778,Harmon,Whitter,hwhitterll@ted.com,Male,80.17.39.144
488,Heywood,Jacob,hjacobdj@admin.ch,Male,81.121.152.233
998,Alasdair,Gonsalvez,agonsalvezrp@feedburner.com,Male,81.167.60.119
646,Deerdre,Averill,daverillhx@mashable.com,Female,81.173.239.216
827,Wilfred,Croal,wcroalmy@posterous.com,Male,81.60.143.144
387,Keene,Goodbarr,kgoodbarraq@cnn.com,Male,82.56.158.236
178,Curt,Adrain,cadrain4x@apple.com,Male,82.57.63.38
816,Bennett,Luna,blunamn@accuweather.com,Male,82.80.8.248
171,Alberta,Emlyn,aemlyn4q@dailymail.co.uk,Female,82.82.113.36
28,Elbert,Meads,emeadsr@unicef.org,Male,83.12.84.80
582,Michaelina,Antonoczyk,mantonoczykg5@myspace.com,Female,83.142.58.152
656,Estelle,Van de Vlies,evandevliesi7@amazonaws.com,Female,83.79.247.130
988,Toni,Haliburton,thaliburtonrf@issuu.com,Female,84.137.15.55
135,Obadiah,Feacham,ofeacham3q@noaa.gov,Male,84.77.57.112
925,Merle,Fricke,mfrickepo@geocities.jp,Female,84.8.159.7
568,Joeann,Tolcharde,jtolchardefr@google.ca,Female,85.100.234.37
30,Fitzgerald,Burrill,fburrillt@dyndns.org,Male,85.115.111.241
897,Jesselyn,Iczokvitz,jiczokvitzow@virginia.edu,Female,85.140.199.173
929,Rafe,Dodds,rdoddsps@prlog.org,Male,85.173.218.241
175,Yorgo,Yetts,yyetts4u@sfgate.com,Male,85.176.253.141
811,Stephanie,Whissell,swhissellmi@cafepress.com,Female,85.220.156.176
819,Orson,LaBastida,olabastidamq@boston.com,Male,85.248.240.60
904,Karly,Romaint,kromaintp3@wikipedia.org,Female,86.112.199.229
902,Harri,Lockett,hlockettp1@biblegateway.com,Female,86.119.189.48
109,Kristoforo,Willars,kwillars30@hugedomains.com,Male,86.42.79.89
992,Leodora,Feasley,lfeasleyrj@nyu.edu,Female,87.144.238.253
123,Eimile,Shotboulte,eshotboulte3e@archive.org,Female,87.221.213.197
978,Kimmie,Targe,ktarger5@theatlantic.com,Female,87.234.10.150
360,Bald,Caberas,bcaberas9z@cargocollective.com,Male,87.58.40.59
531,Cindee,Densham,cdenshameq@imdb.com,Female,87.6.185.18
606,Lowe,Saunt,lsauntgt@addtoany.com,Male,87.79.10.228
157,Gardie,Feares,gfeares4c@mail.ru,Male,88.149.44.102
469,Monty,Huddles,mhuddlesd0@auda.org.au,Male,88.166.162.55
505,Malvin,Ebbotts,mebbottse0@addthis.com,Male,88.34.206.81
763,Morgun,Pordal,mpordall6@un.org,Male,88.83.86.9
713,Viviene,Briton,vbritonjs@vk.com,Female,89.163.96.159
839,Nobie,Simpole,nsimpolena@bing.com,Male,9.0.239.31
179,Sterne,Dwane,sdwane4y@ihg.com,Male,9.128.105.105
219,Cornela,Corbie,ccorbie62@noaa.gov,Female,9.192.99.222
900,Pincas,Bellson,pbellsonoz@icq.com,Male,90.185.61.121
89,Florencia,Challice,fchallice2g@soundcloud.com,Female,90.20.192.143
347,Doroteya,Carde,dcarde9m@toplist.cz,Female,90.254.16.54
631,Vergil,Paschke,vpaschkehi@chicagotribune.com,Male,91.81.25.108
868,Vida,Extal,vextalo3@oakley.com,Female,92.184.58.163
450,Edgard,Zohrer,ezohrerch@gizmodo.com,Male,92.209.74.174
403,Mano,Hullin,mhullinb6@google.de,Male,92.214.220.99
945,Vanya,Signori,vsignoriq8@blogger.com,Male,92.214.90.15
299,Millicent,Romanin,mromanin8a@clickbank.net,Female,92.233.255.129
862,Zaneta,Scholling,zschollingnx@zimbio.com,Female,92.44.24.35
849,Clarance,Jeaneau,cjeaneaunk@goo.gl,Male,92.45.99.126
301,Boyce,Dumsday,bdumsday8c@jugem.jp,Male,93.165.117.227
888,Robena,Ranklin,rranklinon@sina.com.cn,Female,93.172.163.245
618,Kahaleel,Edscer,kedscerh5@marriott.com,Male,93.234.227.203
590,Arlan,Krout,akroutgd@t.co,Male,93.57.214.247
289,Ozzy,Starkie,ostarkie80@ifeng.com,Male,94.173.243.192
330,Wilbur,Hodge,whodge95@ox.ac.uk,Male,94.25.223.62
383,Chiarra,Meckiff,cmeckiffam@opensource.org,Female,94.63.182.180
866,Cristal,Bossom,cbossomo1@cdbaby.com,Female,94.71.119.46
247,Trenton,Reichartz,treichartz6u@bbb.org,Male,94.84.250.108
218,Hadlee,Varsey,hvarsey61@wp.com,Male,94.91.41.218
547,Appolonia,Attle,aattlef6@mtv.com,Female,95.126.29.212
561,Lonnie,Maxwaile,lmaxwailefk@tinyurl.com,Male,95.17.128.125
742,Corissa,McGeown,cmcgeownkl@edublogs.org,Female,95.17.233.166
248,Ulrika,Brellin,ubrellin6v@exblog.jp,Female,95.218.34.214
509,Elia,Crennell,ecrennelle4@networkadvertising.org,Male,95.242.106.122
773,Dorthy,Messager,dmessagerlg@behance.net,Female,96.127.194.241
485,Mirna,Paolacci,mpaolaccidg@free.fr,Female,96.131.34.92
960,Jard,Ohm,johmqn@wp.com,Male,96.166.203.201
151,Issy,McCullouch,imccullouch46@usatoday.com,Female,96.167.123.138
50,Zorine,Sunnex,zsunnex1d@nbcnews.com,Female,96.29.114.220
532,Patrizio,Coronas,pcoronaser@wikispaces.com,Male,96.48.53.203
91,Dorree,Matuszyk,dmatuszyk2i@weibo.com,Female,96.95.122.231
956,Curry,Pizer,cpizerqj@github.com,Male,97.145.241.137
710,Corney,Gadman,cgadmanjp@redcross.org,Male,97.17.88.58
323,Fay,Brockelsby,fbrockelsby8y@diigo.com,Female,97.69.128.89
241,Ashien,Yarnold,ayarnold6o@acquirethisname.com,Female,98.44.13.125
417,Shandeigh,Pepall,spepallbk@buzzfeed.com,Female,98.89.69.108
64,Brocky,O'Bradden,bobradden1r@bloglines.com,Male,99.146.30.92
